index,rivmth_idx,dist2coast,cmf_lat_15min,cmf_lon_15min,gtsm_lon,gtsm_lat,dist,gtsm_idx,gtsm_station_id,rivmth_lon,rivmth_lat,gtsm_egm_offset,lon,lat
8,3761,0.000000,65.125000,-175.375000,-175.019500,64.765630,49315,4700,diva_id__4232,-175.784576,65.067917,0.299000,-175.784576,65.067917
9,3320,0.000000,66.625000,-175.125000,-174.668000,66.744790,14567,4699,diva_id__4231,-174.934570,66.667084,0.086000,-174.934570,66.667084
18,3762,2845.000000,65.125000,-172.375000,-172.207000,64.843750,25479,4708,diva_id__4240,-172.163757,65.072083,0.177000,-172.163757,65.072083
31,3499,0.000000,66.125000,-164.625000,-164.355500,66.588540,44421,4718,diva_id__4250,-164.192078,66.194580,0.221000,-164.192078,66.194580
33,3500,1999.000000,66.125000,-164.375000,-164.355500,66.588540,48922,4718,diva_id__4250,-163.962082,66.177917,0.221000,-163.962082,66.177917
34,4592,0.000000,61.125000,-164.375000,-164.824200,60.963540,13932,4735,diva_id__4267,-164.831253,61.088749,0.462000,-164.831253,61.088749
36,2949,0.000000,67.875000,-163.875000,-164.003900,67.526040,21627,4714,diva_id__4246,-164.327911,67.676247,0.204000,-164.327911,67.676247
54,4833,2070.000000,60.125000,-161.875000,-162.363300,60.234380,14141,4741,diva_id__4273,-162.192917,60.139584,0.517000,-162.192917,60.139584
65,4045,0.000000,63.875000,-160.625000,-161.308600,63.463540,45370,4730,diva_id__4262,-160.772079,63.794582,0.513000,-160.772079,63.794582
77,5202,0.000000,58.875000,-157.875000,-158.378900,58.723960,28011,4743,diva_id__4275,-158.062912,58.915417,0.506000,-158.062912,58.915417
83,1696,0.000000,70.375000,-152.375000,-151.816400,70.703130,30111,4720,diva_id__4252,-151.979584,70.437920,0.082000,-151.979584,70.437920
88,4552,0.000000,61.375000,-150.875000,-150.644500,61.223960,9648,4760,diva_id__4292,-150.824585,61.227081,0.400000,-150.824585,61.227081
96,4601,0.000000,61.125000,-148.875000,-149.414100,60.885420,65429,4764,diva_id__4296,-149.352921,61.472916,0.405000,-149.352921,61.472916
104,1933,0.000000,69.875000,-144.375000,-144.902300,69.973960,28211,1135,diva_id__664,-144.182083,70.034584,0.109000,-144.182083,70.034584
105,4781,4622.000000,60.375000,-144.375000,-144.785200,60.442710,1797,4772,diva_id__4304,-144.752914,60.445415,0.469000,-144.752914,60.445415
114,4848,0.000000,60.125000,-141.875000,-142.089800,60.026040,37564,4773,diva_id__4305,-141.452087,60.139584,0.432000,-141.452087,60.139584
116,2079,0.000000,69.625000,-141.375000,-141.503900,69.713540,261,4726,diva_id__4258,-141.510422,69.712914,0.101000,-141.510422,69.712914
118,4933,0.000000,59.875000,-140.125000,-139.746100,59.557290,28229,468,yakutat,-139.878754,59.802082,0.404000,-139.878754,59.802082
123,5051,0.000000,59.375000,-138.625000,-139.628900,59.427080,65260,1146,diva_id__675,-138.622086,59.144585,0.403000,-138.622086,59.144585
126,2495,1969.000000,68.875000,-137.875000,-137.402300,69.036460,10787,4729,diva_id__4261,-137.282074,68.949585,0.069000,-137.282074,68.949585
133,2379,4394.000000,69.125000,-130.375000,-131.191400,69.973960,66184,4732,diva_id__4264,-130.627075,69.412086,0.009000,-130.627075,69.412086
136,6352,0.000000,54.375000,-129.625000,-130.193900,54.138170,27358,16337,deltas_008,-129.805420,54.232082,0.506000,-129.805420,54.232082
145,910,1935.000000,72.375000,-125.125000,-125.859400,71.901690,74186,6267,diva_id__5799,-125.122917,72.529587,0.006000,-125.122917,72.529587
158,245,4296.000000,74.375000,-124.125000,-124.570300,74.348960,18443,6269,diva_id__5801,-124.437912,74.187080,0.029000,-124.437912,74.187080
160,517,0.000000,73.375000,-124.125000,-124.101600,73.671880,18344,6266,diva_id__5798,-124.164581,73.507919,0.024000,-124.164581,73.507919
161,8044,0.000000,47.875000,-124.125000,-124.746100,48.072920,43035,4870,diva_id__4402,-124.432915,47.747917,0.434000,-124.432915,47.747917
169,279,2717.000000,74.125000,-123.875000,-124.570300,74.348960,21812,6269,diva_id__5801,-124.421249,74.157082,0.029000,-124.421249,74.157082
172,518,0.000000,73.375000,-123.625000,-124.101600,73.671880,16020,6266,diva_id__5798,-124.087082,73.527916,0.024000,-124.087082,73.527916
187,10844,0.000000,38.375000,-122.125000,-122.373000,38.046880,28101,1173,diva_id__702,-122.066254,38.121250,0.478000,-122.066254,38.121250
189,10986,0.000000,37.875000,-122.125000,-122.314500,37.734380,6519,4912,diva_id__4444,-122.242920,37.749580,0.477000,-122.242920,37.749580
195,11419,0.000000,36.375000,-121.875000,-121.933600,36.510420,2987,4943,diva_id__4475,-121.929581,36.537083,0.472000,-121.929581,36.537083
196,11232,0.000000,36.875000,-121.625000,-121.787100,36.848960,6723,4936,diva_id__4468,-121.793747,36.788750,0.471000,-121.793747,36.788750
199,11837,0.000000,34.625000,-120.375000,-120.615200,34.765630,3323,4950,diva_id__4482,-120.617920,34.795418,0.465000,-120.617920,34.795418
212,12182,0.000000,33.125000,-116.875000,-117.246100,33.072920,11034,4992,diva_id__4524,-117.267914,32.975418,0.478000,-117.267914,32.975418
213,12363,0.000000,32.375000,-116.875000,-117.128900,32.540380,42595,5008,diva_id__4540,-116.914581,32.202915,0.490000,-116.914581,32.202915
224,12779,0.000000,30.625000,-115.625000,-115.986300,30.442710,6061,384,san_quintin,-115.982086,30.497082,0.522000,-115.982086,30.497082
235,13700,0.000000,27.625000,-114.375000,-113.994100,27.682290,14089,5020,diva_id__4552,-114.120415,27.622917,0.541000,-114.120415,27.622917
239,2113,0.000000,69.625000,-113.875000,-115.664100,69.244790,53764,6317,diva_id__5849,-114.306244,69.296249,-0.061000,-114.306244,69.296249
241,13443,0.000000,28.375000,-113.875000,-114.111300,28.203130,27241,5015,diva_id__4547,-114.046249,28.441250,0.536000,-114.046249,28.441250
249,826,1934.000000,72.625000,-113.125000,-113.789100,72.682290,11582,6314,diva_id__5846,-113.447914,72.659584,-0.074000,-113.447914,72.659584
251,12781,2443.000000,30.625000,-113.125000,-113.056600,30.651040,20997,5045,diva_id__4577,-113.115417,30.832916,0.532000,-113.115417,30.832916
257,13970,0.000000,26.875000,-112.875000,-113.349600,26.796880,26117,1197,diva_id__726,-113.137085,26.935417,0.571000,-113.137085,26.935417
259,12911,2452.000000,30.125000,-112.625000,-112.763700,30.026040,4949,5046,diva_id__4578,-112.732918,29.990416,0.518000,-112.732918,29.990416
261,14046,0.000000,26.625000,-112.625000,-112.294900,26.067710,41809,5022,diva_id__4554,-112.617081,26.307915,0.569000,-112.617081,26.307915
265,1609,2763.000000,70.625000,-112.125000,-112.207000,70.390630,18318,6310,diva_id__5842,-112.400414,70.542084,-0.073000,-112.400414,70.542084
266,1834,2768.000000,70.125000,-112.125000,-112.207000,70.390630,24303,6310,diva_id__5842,-112.502914,70.196251,-0.073000,-112.502914,70.196251
269,1835,3913.000000,70.125000,-111.875000,-112.207000,70.390630,16816,6310,diva_id__5842,-112.290421,70.242081,-0.073000,-112.290421,70.242081
273,14381,0.000000,25.375000,-111.875000,-112.119100,25.286460,5287,5023,diva_id__4555,-112.075417,25.312916,0.579000,-112.075417,25.312916
274,827,0.000000,72.625000,-111.625000,-111.210900,72.421880,16598,6315,diva_id__5847,-111.702911,72.408752,-0.074000,-111.702911,72.408752
276,3130,0.000000,67.375000,-111.625000,-111.503900,67.786460,12240,1140,diva_id__669,-111.777916,67.749580,-0.072000,-111.777916,67.749580
293,3055,0.000000,67.625000,-109.375000,-109.160200,67.734380,29751,4753,diva_id__4285,-108.976250,67.476250,-0.061000,-108.976250,67.476250
308,932,5814.000000,72.375000,-107.375000,-107.460900,71.796880,50821,1473,diva_id__1002,-107.742920,72.245415,0.059000,-107.742920,72.245415
314,2964,1977.000000,67.875000,-106.625000,-107.285200,68.098960,29161,4756,diva_id__4288,-106.607910,68.170418,0.099000,-106.607910,68.170418
317,15088,0.000000,23.125000,-106.125000,-105.849600,22.682290,25572,5058,diva_id__4590,-106.027084,22.843750,0.632000,-106.027084,22.843750
319,15258,5645.000000,22.625000,-105.625000,-105.849600,22.682290,40055,5058,diva_id__4590,-105.641251,22.377916,0.632000,-105.641251,22.377916
326,15892,0.000000,20.375000,-105.125000,-105.263700,20.598960,2915,350,puerto_vallarta,-105.237083,20.607082,0.627000,-105.237083,20.607082
332,16162,0.000000,19.375000,-104.375000,-104.824200,19.218750,14934,5066,diva_id__4598,-104.683746,19.197916,0.645000,-104.683746,19.197916
337,16339,0.000000,18.625000,-103.375000,-103.652300,18.593750,8709,5068,diva_id__4600,-103.606247,18.528749,0.638000,-103.606247,18.528749
340,16422,0.000000,18.375000,-102.625000,-102.451200,17.994790,12009,5071,diva_id__4603,-102.557083,18.033749,0.635000,-102.557083,18.033749
341,16512,0.000000,18.125000,-102.375000,-102.451200,17.994790,10110,5071,diva_id__4603,-102.538750,18.031250,0.635000,-102.538750,18.031250
342,16513,0.000000,18.125000,-102.125000,-102.099600,17.994790,7369,5072,diva_id__4604,-102.030418,17.987083,0.643000,-102.030418,17.987083
351,16728,0.000000,16.875000,-99.875000,-99.638670,16.692710,1735,1209,diva_id__738,-99.622917,16.688749,0.731000,-99.622917,16.688749
354,728,0.000000,72.875000,-98.875000,-98.085940,73.098960,26269,6480,diva_id__6012,-98.412079,72.882919,-0.071000,-98.412079,72.882919
361,14788,7533.000000,24.125000,-98.125000,-97.646480,24.609380,71384,1387,diva_id__916,-97.777084,23.978750,0.240000,-97.777084,23.978750
375,14314,2497.000000,25.625000,-97.625000,-97.119140,25.963540,56904,16430,deltas_196,-97.292084,25.476250,0.239000,-97.292084,25.476250
376,13532,0.000000,28.125000,-97.375000,-97.001950,27.942710,26215,364,rockport,-97.176254,28.121250,0.221000,-97.176254,28.121250
379,14315,0.000000,25.625000,-97.375000,-97.119140,25.963540,20735,16430,deltas_196,-97.157913,25.780415,0.239000,-97.157913,25.780415
382,13450,2470.000000,28.375000,-97.125000,-96.767580,28.151040,19720,5884,diva_id__5416,-96.914581,28.272083,0.216000,-96.914581,28.272083
393,2403,0.000000,69.125000,-96.375000,-95.683590,69.192710,23850,6517,diva_id__6049,-96.192085,69.077919,0.029000,-96.192085,69.077919
413,2985,0.000000,67.875000,-94.875000,-95.449220,67.630210,53799,4776,diva_id__4308,-94.762917,68.038750,0.034000,-94.762917,68.038750
421,16772,0.000000,16.625000,-94.625000,-94.716800,16.328130,17112,5085,diva_id__4617,-94.839584,16.427082,0.608000,-94.839584,16.427082
436,1729,0.000000,70.375000,-93.125000,-91.933590,70.390630,21677,4784,diva_id__4316,-92.332916,70.249580,-0.107000,-92.332916,70.249580
438,5598,0.000000,57.375000,-93.125000,-92.519530,57.578130,42538,4930,diva_id__4462,-92.481247,57.196251,-0.025000,-92.481247,57.196251
447,5599,0.000000,57.375000,-92.625000,-92.519530,57.578130,39251,4930,diva_id__4462,-92.452911,57.227081,-0.025000,-92.452911,57.227081
454,5716,0.000000,56.875000,-92.375000,-92.519530,57.578130,64709,4930,diva_id__4462,-92.223747,57.018749,-0.025000,-92.223747,57.018749
458,12914,0.000000,30.125000,-91.875000,-92.080080,29.765630,17859,6846,diva_id__6378,-91.908752,29.826250,0.243000,-91.908752,29.826250
464,5717,0.000000,56.875000,-91.625000,-92.519530,57.578130,71316,4930,diva_id__4462,-91.677917,57.125416,-0.025000,-91.677917,57.125416
466,17077,0.000000,14.375000,-91.625000,-91.611330,14.088540,6969,5094,diva_id__4626,-91.662918,14.126249,0.687000,-91.662918,14.126249
470,2683,0.000000,68.625000,-91.125000,-90.527340,68.723960,9200,4786,diva_id__4318,-90.527084,68.641251,-0.091000,-90.527084,68.641251
471,4055,4532.000000,63.875000,-91.125000,-90.878910,63.567710,33734,6605,diva_id__6137,-91.418747,63.753750,-0.106000,-91.418747,63.753750
478,3651,0.000000,65.625000,-90.375000,-89.707030,65.807290,10877,4818,diva_id__4350,-89.941246,65.788750,-0.270000,-89.941246,65.788750
493,12989,0.000000,29.875000,-89.875000,-89.560550,29.453130,26044,5841,diva_id__5373,-89.621246,29.681250,0.203000,-89.621246,29.681250
504,16804,0.000000,16.375000,-88.875000,-88.681640,16.171880,8376,5950,diva_id__5482,-88.756248,16.148750,0.399000,-88.756248,16.148750
514,15644,2531.000000,21.375000,-88.375000,-88.740230,21.432290,40829,5943,diva_id__5475,-88.372917,21.566250,0.223000,-88.372917,21.566250
526,16174,0.000000,19.375000,-87.875000,-87.685550,19.244790,32338,5945,diva_id__5477,-87.677078,19.535416,0.529000,-87.677078,19.535416
534,16283,0.000000,18.875000,-87.625000,-88.154300,18.359380,45494,5946,diva_id__5478,-88.002083,18.742083,0.507000,-88.002083,18.742083
549,857,1935.000000,72.625000,-86.875000,-86.132810,72.317710,29958,6635,diva_id__6167,-86.502083,72.562920,-0.243000,-86.502083,72.562920
553,3587,0.000000,65.875000,-86.625000,-86.777340,65.546880,35093,4817,diva_id__4349,-86.421249,65.826248,-0.253000,-86.421249,65.826248
560,6113,4267.000000,55.125000,-85.375000,-85.136720,55.286460,8771,16333,deltas_003,-85.002914,55.266251,-0.009000,-85.002914,55.266251
568,12920,0.000000,30.125000,-84.625000,-84.990230,29.609380,68471,13,apalachicola,-84.434586,29.992083,0.150000,-84.434586,29.992083
572,2303,1969.000000,69.375000,-84.375000,-84.785160,68.776040,29964,4795,diva_id__4327,-84.513748,69.027084,0.060000,-84.513748,69.027084
576,16951,2572.000000,15.625000,-84.375000,-84.755860,15.911460,28929,5962,diva_id__5494,-84.502914,15.819582,0.505000,-84.502914,15.819582
589,17780,0.000000,10.125000,-83.625000,-83.232420,10.182290,7640,5969,diva_id__5501,-83.284584,10.227917,0.462000,-83.284584,10.227917
598,13090,0.000000,29.625000,-83.125000,-83.291020,29.244790,16950,5765,diva_id__5297,-83.197914,29.373749,0.113000,-83.197914,29.373749
608,18030,2607.000000,8.625000,-82.625000,-82.236330,8.203126,28891,5155,diva_id__4687,-82.474586,8.312083,0.669000,-82.474586,8.312083
610,2564,0.000000,68.875000,-82.375000,-81.972660,69.244790,39159,4797,diva_id__4329,-82.003746,68.892914,-0.026000,-82.003746,68.892914
612,6588,0.000000,53.625000,-82.375000,-82.089840,53.307290,22648,5016,diva_id__4548,-82.184586,53.502914,0.083000,-82.184586,53.502914
630,18076,0.000000,8.375000,-81.875000,-81.708980,8.046876,14086,5156,diva_id__4688,-81.743752,8.168750,0.673000,-81.743752,8.168750
632,3079,0.000000,67.625000,-81.625000,-81.972660,66.953130,57155,4800,diva_id__4332,-81.277084,67.390419,-0.105000,-81.277084,67.390419
634,7048,0.000000,52.125000,-81.625000,-81.621090,52.265630,22482,16345,deltas_016,-81.386246,52.123749,0.119000,-81.386246,52.123749
635,12787,0.000000,30.625000,-81.625000,-81.416020,30.494790,6476,5656,diva_id__5188,-81.466248,30.533749,0.069000,-81.466248,30.533749
636,14056,0.000000,26.625000,-81.625000,-81.884770,26.380210,4816,5718,diva_id__5250,-81.837921,26.369583,0.166000,-81.837921,26.369583
646,15177,2519.000000,22.875000,-81.375000,-81.240230,23.151040,16236,8322,diva_id__7854,-81.157913,23.026249,0.634000,-81.157913,23.026249
648,656,0.000000,73.125000,-81.125000,-80.039060,72.526040,53015,6682,diva_id__6214,-80.612915,72.971252,-0.265000,-80.612915,72.971252
651,12421,2429.000000,32.125000,-81.125000,-80.888670,31.953130,13825,16401,deltas_137,-80.908752,32.076248,0.154000,-80.908752,32.076248
657,19776,0.000000,-4.625000,-81.125000,-81.240230,-4.817708,8175,5221,diva_id__4753,-81.267914,-4.749584,0.514000,-81.267914,-4.749584
674,13980,2481.000000,26.875000,-80.375000,-80.185550,27.213540,9064,616,diva_id__145,-80.262085,27.168751,0.070000,-80.262085,27.168751
675,14252,0.000000,25.875000,-80.375000,-80.126950,25.859380,6604,5700,diva_id__5232,-80.126251,25.918751,0.185000,-80.126251,25.918751
689,19048,0.000000,-0.625000,-80.125000,-80.478520,-0.598958,9968,5190,diva_id__4722,-80.442085,-0.517084,0.602000,-80.442085,-0.517084
690,19323,5241.000000,-2.125000,-80.125000,-80.068360,-2.526041,29413,1235,diva_id__764,-79.966248,-2.282084,0.573000,-79.966248,-2.282084
696,18892,0.000000,0.625000,-79.875000,-79.658200,1.015626,8615,105,esmeraldas,-79.648750,0.938749,0.659000,-79.648750,0.938749
700,19596,2619.000000,-3.375000,-79.875000,-79.892580,-3.046874,2960,5212,diva_id__4744,-79.887085,-3.072918,0.574000,-79.887085,-3.072918
710,19537,5239.000000,-3.125000,-79.625000,-79.892580,-2.994791,5516,5211,diva_id__4743,-79.842918,-2.994583,0.573000,-79.842918,-2.994583
721,561,1925.000000,73.375000,-78.875000,-77.578130,73.567710,35826,6750,diva_id__6282,-78.692917,73.636253,-0.290000,-78.692917,73.636253
722,6436,0.000000,54.125000,-78.875000,-79.042970,53.828130,62145,16338,deltas_009,-79.462921,54.329582,0.092000,-79.462921,54.329582
737,7172,0.000000,51.625000,-78.625000,-78.808590,51.484380,6537,16349,deltas_020,-78.817078,51.542915,0.129000,-78.817078,51.542915
745,18035,0.000000,8.625000,-78.375000,-78.310550,8.411459,10109,5172,diva_id__4704,-78.223747,8.441250,0.614000,-78.223747,8.441250
754,7053,0.000000,52.125000,-78.125000,-78.457030,52.317710,25097,16346,deltas_017,-78.577911,52.104584,0.124000,-78.577911,52.104584
768,1750,2767.000000,70.375000,-77.625000,-77.988280,69.713540,61833,6781,diva_id__6313,-77.838745,70.267082,0.290000,-77.838745,70.267082
774,6981,0.000000,52.375000,-77.625000,-78.457030,52.317710,6995,16346,deltas_017,-78.442917,52.255417,0.124000,-78.442917,52.255417
777,20519,0.000000,-10.375000,-77.625000,-77.753910,-10.755210,13159,5235,diva_id__4767,-77.839584,-10.672085,0.481000,-77.839584,-10.672085
786,15650,0.000000,21.375000,-77.375000,-77.607420,21.953130,47063,8327,diva_id__7859,-77.361252,21.597082,0.685000,-77.361252,21.597082
801,18630,0.000000,3.375000,-77.125000,-77.373050,3.463542,2036,5181,diva_id__4713,-77.358749,3.452083,0.699000,-77.358749,3.452083
808,10738,0.000000,38.875000,-76.875000,-76.494140,38.723960,44116,1306,diva_id__835,-77.001251,38.697083,-0.087000,-77.001251,38.697083
812,11468,0.000000,36.125000,-76.875000,-76.142580,36.119790,56719,5608,diva_id__5140,-76.731247,35.937080,0.009000,-76.731247,35.937080
813,15706,0.000000,21.125000,-76.875000,-76.574020,21.312480,6210,8330,diva_id__7862,-76.633743,21.307917,0.626000,-76.633743,21.307917
817,5538,0.000000,57.625000,-76.625000,-76.816410,57.630210,13383,5039,diva_id__4571,-76.773750,57.512085,0.048000,-76.773750,57.512085
828,20651,0.000000,-12.375000,-76.625000,-76.845700,-12.317710,3309,5240,diva_id__4772,-76.863747,-12.293751,0.452000,-76.863747,-12.293751
832,20703,0.000000,-12.875000,-76.375000,-76.464840,-13.088550,3851,5242,diva_id__4774,-76.429581,-13.092916,0.433000,-76.429581,-13.092916
855,20907,0.000000,-15.375000,-74.875000,-75.175780,-15.364580,45710,381,san_juan,-74.808746,-15.573751,0.466000,-74.808746,-15.573751
869,24466,0.000000,-48.875000,-74.125000,-74.443360,-48.411460,38133,9252,diva_id__8784,-74.281250,-48.737083,0.430000,-74.281250,-48.737083
871,10166,2326.000000,40.875000,-73.875000,-74.091800,40.546880,20695,5450,diva_id__4982,-74.095413,40.732918,-0.127000,-74.095413,40.732918
874,24348,0.000000,-47.375000,-73.875000,-74.033200,-47.005210,17534,9239,diva_id__8771,-74.010414,-47.162086,0.374000,-74.010414,-47.162086
890,2804,0.000000,68.375000,-72.875000,-74.238280,68.515630,41793,6615,diva_id__6147,-73.271248,68.392914,0.438000,-73.271248,68.392914
893,21027,0.000000,-16.375000,-72.875000,-73.417970,-16.302080,40804,5246,diva_id__4778,-73.079582,-16.472918,0.420000,-73.079582,-16.472918
898,21002,2568.000000,-16.125000,-72.625000,-73.417970,-16.302080,64702,5246,diva_id__4778,-72.868752,-16.548750,0.420000,-72.868752,-16.548750
901,17783,0.000000,10.125000,-72.375000,-71.630860,10.598960,69078,6012,diva_id__5544,-71.982086,10.082916,0.355000,-71.982086,10.082916
906,1751,0.000000,70.375000,-72.125000,-71.601560,70.989580,64861,7874,diva_id__7406,-71.962082,70.418747,-0.255000,-71.962082,70.418747
910,17450,0.000000,11.875000,-71.875000,-71.865230,11.640630,5822,6009,diva_id__5541,-71.906250,11.607083,0.383000,-71.906250,11.607083
917,9890,0.000000,41.875000,-71.625000,-71.396480,41.640630,14436,1279,diva_id__808,-71.397079,41.770416,-0.091000,-71.397079,41.770416
922,8228,0.000000,47.125000,-71.375000,-70.751950,47.057290,43496,478,diva_id__7,-71.210419,46.822914,-0.171000,-71.210419,46.822914
927,23183,0.000000,-33.875000,-71.375000,-71.630860,-33.619790,19367,5269,diva_id__4801,-71.747086,-33.764584,0.412000,-71.747086,-33.764584
931,9892,3270.000000,41.875000,-71.125000,-71.337890,41.640630,15229,5398,diva_id__4930,-71.282913,41.771248,-0.091000,-71.282913,41.771248
945,22258,0.000000,-27.875000,-70.875000,-70.957030,-27.656250,2360,5264,diva_id__4796,-70.933746,-27.661251,0.450000,-70.933746,-27.661251
957,21219,0.000000,-18.125000,-70.375000,-70.839840,-18.072920,34549,5249,diva_id__4781,-70.557083,-18.228752,0.477000,-70.557083,-18.228752
964,17455,0.000000,11.875000,-70.125000,-70.048830,11.640630,6884,6023,diva_id__5555,-69.987915,11.657084,0.384000,-69.987915,11.657084
966,21240,0.000000,-18.375000,-70.125000,-70.341800,-18.489580,13989,17,arica,-70.362915,-18.365417,0.485000,-70.362915,-18.365417
977,2704,0.000000,68.625000,-69.625000,-68.789060,68.802080,23493,6623,diva_id__6155,-68.823746,68.591248,-0.218000,-68.823746,68.591248
992,24511,0.000000,-49.625000,-68.875000,-68.378910,-50.130210,26966,5597,diva_id__5129,-68.546249,-49.912918,0.456000,-68.546249,-49.912918
997,17577,0.000000,11.125000,-68.625000,-68.408200,11.171880,7429,6027,diva_id__5559,-68.471252,11.197083,0.344000,-68.471252,11.197083
1002,3356,0.000000,66.625000,-68.375000,-67.441410,66.171880,42724,6625,diva_id__6157,-67.861244,66.517082,-0.266000,-67.861244,66.517082
1010,24713,0.000000,-53.375000,-68.375000,-67.910160,-53.619790,24925,9397,diva_id__8929,-68.073746,-53.417915,0.421000,-68.073746,-53.417915
1015,24724,0.000000,-53.625000,-68.125000,-67.910160,-53.619790,10798,9397,diva_id__8929,-67.827919,-53.703751,0.421000,-67.827919,-53.703751
1016,7911,2219.000000,48.625000,-67.875000,-67.617190,48.802080,5979,5303,diva_id__4835,-67.696243,48.788750,-0.180000,-67.696243,48.788750
1026,5436,2094.000000,58.125000,-67.375000,-67.910160,58.359380,30185,5088,diva_id__4620,-67.420410,58.272915,-0.040000,-67.420410,58.272915
1029,8710,0.000000,45.625000,-67.125000,-67.001950,44.921880,28673,103,eastport,-66.959579,45.177917,-0.138000,-66.959579,45.177917
1035,3361,0.000000,66.625000,-66.875000,-66.855470,66.302080,21712,8430,diva_id__7962,-66.456245,66.413750,-0.269000,-66.456245,66.413750
1040,5491,0.000000,57.875000,-66.625000,-67.910160,58.359380,62028,5088,diva_id__4620,-66.852921,58.422085,-0.040000,-66.852921,58.422085
1041,7962,0.000000,48.375000,-66.625000,-66.357420,48.072920,9761,5315,diva_id__4847,-66.467087,48.121250,-0.076000,-66.467087,48.121250
1044,8107,0.000000,47.625000,-66.125000,-65.947270,47.942710,38684,5316,diva_id__4848,-65.674583,47.647083,-0.076000,-65.674583,47.647083
1049,8108,3161.000000,47.625000,-65.875000,-65.947270,47.942710,43172,5316,diva_id__4848,-65.670418,47.602081,-0.076000,-65.670418,47.602081
1061,23959,0.000000,-41.375000,-65.375000,-64.658200,-40.859370,51759,5653,diva_id__5185,-65.146248,-41.143753,0.452000,-65.146248,-41.143753
1066,24134,0.000000,-43.625000,-65.125000,-65.009770,-43.307290,14355,16608,deltas_451,-65.086250,-43.423752,0.439000,-65.086250,-43.423752
1070,7496,0.000000,50.375000,-64.625000,-64.863280,50.286460,5923,5263,diva_id__4795,-64.781250,50.277084,-0.175000,-64.781250,50.277084
1071,7801,4961.000000,49.125000,-64.625000,-65.302730,49.244790,64723,1258,diva_id__787,-64.589584,48.897919,-0.166000,-64.589584,48.897919
1087,5539,0.000000,57.625000,-63.375000,-63.222660,58.463540,44895,5143,diva_id__4675,-63.042084,58.071251,-0.242000,-63.042084,58.071251
1091,8717,0.000000,45.625000,-63.125000,-63.544920,45.390630,13515,5341,diva_id__4873,-63.377083,45.361252,-0.065000,-63.377083,45.361252
1095,23803,0.000000,-39.375000,-62.625000,-62.021480,-39.505210,22453,5703,diva_id__5235,-62.187916,-39.349586,0.484000,-62.187916,-39.349586
1097,8903,2270.000000,45.125000,-62.375000,-61.552730,45.130210,43466,5333,diva_id__4865,-62.076248,45.003750,-0.117000,-62.076248,45.003750
1100,17875,0.000000,9.625000,-62.375000,-62.490230,10.234380,47097,6050,diva_id__5582,-62.247917,9.884583,0.354000,-62.247917,9.884583
1105,5664,2108.000000,57.125000,-62.125000,-61.699220,57.369790,25350,8676,diva_id__8208,-61.862083,57.159584,-0.237000,-61.862083,57.159584
1109,23729,0.000000,-38.625000,-62.125000,-62.080080,-39.088540,27489,9263,diva_id__8795,-62.123749,-38.843750,0.486000,-62.123749,-38.843750
1119,18041,0.000000,8.625000,-61.625000,-60.732420,8.723959,27998,9039,diva_id__8571,-60.967083,8.626249,0.410000,-60.967083,8.626249
1120,23763,0.000000,-38.875000,-61.375000,-60.791020,-38.984370,27421,5704,diva_id__5236,-61.107918,-38.994583,0.456000,-61.107918,-38.994583
1124,17918,0.000000,9.375000,-61.125000,-60.849610,9.453126,39999,6051,diva_id__5583,-61.183750,9.597083,0.414000,-61.183750,9.597083
1136,7431,0.000000,50.625000,-60.125000,-60.644530,50.234380,25487,5258,diva_id__4790,-60.292915,50.278748,-0.129000,-60.292915,50.278748
1137,18046,7373.000000,8.625000,-60.125000,-60.087890,8.619792,32702,6052,diva_id__5584,-60.380417,8.567083,0.406000,-60.380417,8.567083
1145,23698,0.000000,-38.375000,-59.625000,-59.619140,-38.776040,1817,5708,diva_id__5240,-59.634583,-38.787086,0.421000,-59.634583,-38.787086
1146,23731,0.000000,-38.625000,-59.625000,-59.619140,-38.776040,8495,5708,diva_id__5240,-59.711250,-38.802086,0.421000,-59.711250,-38.802086
1168,7173,0.000000,51.625000,-57.875000,-57.832030,51.380210,15674,5255,diva_id__4787,-58.033745,51.317085,-0.127000,-58.033745,51.317085
1171,7174,0.000000,51.625000,-57.625000,-57.832030,51.380210,15964,5255,diva_id__4787,-57.614578,51.427082,-0.127000,-57.614578,51.427082
1178,18341,0.000000,5.875000,-57.375000,-57.041020,5.963542,14348,6061,diva_id__5593,-57.138748,5.878750,0.411000,-57.138748,5.878750
1191,6835,0.000000,52.875000,-56.375000,-55.839840,52.005210,74930,5250,diva_id__4782,-56.117912,52.657082,-0.189000,-56.117912,52.657082
1192,6905,2169.000000,52.625000,-56.375000,-55.839840,52.005210,66843,5250,diva_id__4782,-56.051247,52.592083,-0.189000,-56.051247,52.592083
1220,18564,0.000000,4.125000,-51.875000,-51.943360,4.609376,14776,6073,diva_id__5605,-51.931248,4.477083,0.413000,-51.931248,4.477083
1237,18893,3707.000000,0.625000,-50.625000,-50.595700,0.234376,14282,9077,diva_id__8609,-50.703751,0.303750,0.701000,-50.703751,0.303750
1243,18793,0.000000,1.375000,-49.875000,-49.892580,1.223959,18669,16509,deltas_317,-50.060417,1.227917,0.671000,-50.060417,1.227917
1246,19374,0.000000,-2.375000,-49.625000,-49.423830,-2.161458,1942,16521,deltas_329,-49.426250,-2.178751,0.582000,-49.426250,-2.178751
1253,19325,0.000000,-2.125000,-49.125000,-49.072270,-1.744791,14846,6091,diva_id__5623,-48.942917,-1.777918,0.582000,-48.942917,-1.777918
1291,19541,0.000000,-3.125000,-41.375000,-41.513670,-2.890624,8021,6108,diva_id__5640,-41.447914,-2.920418,0.512000,-41.447914,-2.920418
1292,19599,0.000000,-3.375000,-41.125000,-41.337890,-2.890624,8516,6109,diva_id__5641,-41.272915,-2.931250,0.512000,-41.272915,-2.931250
1296,19542,2620.000000,-3.125000,-40.875000,-41.103520,-2.890624,13866,6110,diva_id__5642,-40.978748,-2.887083,0.512000,-40.978748,-2.887083
1307,21289,0.000000,-19.125000,-39.875000,-39.697270,-19.192710,2414,6154,diva_id__5686,-39.702915,-19.213749,0.540000,-39.702915,-19.213749
1354,20474,0.000000,-9.875000,-36.125000,-36.064450,-10.130210,6650,6134,diva_id__5666,-36.047081,-10.072918,0.550000,-36.047081,-10.072918
1358,19950,0.000000,-5.875000,-35.375000,-35.126950,-5.963541,2150,6118,diva_id__5650,-35.146248,-5.961250,0.538000,-35.146248,-5.961250
1363,20060,0.000000,-6.875000,-35.125000,-34.833980,-7.005208,5843,6120,diva_id__5652,-34.871250,-6.967916,0.526000,-34.871250,-6.967916
1388,17170,0.000000,13.625000,-16.125000,-16.435550,13.359380,24201,2369,diva_id__1898,-16.216249,13.402081,0.305000,-16.216249,13.402081
1391,17415,7334.000000,12.125000,-16.125000,-16.142580,11.796880,31226,9604,diva_id__9136,-15.982083,12.029583,0.301000,-15.982083,12.029583
1392,16596,0.000000,17.875000,-15.875000,-16.025390,17.890630,19024,2329,diva_id__1858,-16.042917,17.720417,0.250000,-16.042917,17.720417
1393,16632,2562.000000,17.625000,-15.875000,-16.259770,17.109380,42251,2331,diva_id__1860,-16.099583,17.457081,0.272000,-16.099583,17.457081
1410,17921,0.000000,9.375000,-13.125000,-13.388670,9.140626,24184,2469,diva_id__1998,-13.307917,9.342915,0.343000,-13.307917,9.342915
1423,18261,2612.000000,6.625000,-11.375000,-11.425780,6.848960,12328,2485,diva_id__2014,-11.355416,6.762917,0.390000,-11.355416,6.762917
1436,7057,0.000000,52.125000,-9.625000,-9.433593,52.552080,39027,9333,diva_id__8865,-9.747083,52.257915,-0.038000,-9.747083,52.257915
1437,12597,2436.000000,31.375000,-9.625000,-9.873046,31.197920,31739,2266,diva_id__1795,-9.780416,31.472082,0.146000,-9.780416,31.472082
1438,12668,2437.000000,31.125000,-9.625000,-9.873046,31.197920,16796,2266,diva_id__1795,-9.797916,31.334583,0.146000,-9.797916,31.334583
1450,6986,0.000000,52.375000,-8.875000,-9.433594,52.630210,29757,635,diva_id__164,-8.992916,52.625416,-0.038000,-8.992916,52.625416
1459,7118,0.000000,51.875000,-8.625000,-9.199219,51.536460,69478,52,castletownsend,-8.292083,51.807915,-0.026000,-8.292083,51.807915
1469,10864,0.000000,38.375000,-8.375000,-8.876953,38.463540,20934,929,diva_id__458,-8.647083,38.408749,0.087000,-8.647083,38.408749
1483,12094,0.000000,33.625000,-7.125000,-7.236328,33.776040,11609,2255,diva_id__1784,-7.341249,33.718750,0.117000,-7.341249,33.718750
1485,6220,0.000000,54.875000,-6.875000,-7.089843,55.052080,8718,9337,diva_id__8869,-6.993750,55.107918,-0.053000,-6.993750,55.107918
1495,6602,0.000000,53.625000,-6.375000,-6.152344,53.463540,1449,9349,diva_id__8881,-6.137917,53.453751,-0.017000,-6.137917,53.453751
1496,6683,2158.000000,53.375000,-6.375000,-6.152344,53.463540,5913,9349,diva_id__8881,-6.136250,53.411251,-0.017000,-6.136250,53.411251
1516,5500,0.000000,57.875000,-4.625000,-4.042969,57.682290,12987,9448,diva_id__8980,-4.261250,57.678749,-0.098000,-4.261250,57.678749
1517,5545,0.000000,57.625000,-4.625000,-4.042969,57.682290,16073,9448,diva_id__8980,-4.308749,57.656250,-0.098000,-4.308749,57.656250
1529,7439,0.000000,50.625000,-3.875000,-3.457031,50.546880,2997,9511,diva_id__9043,-3.498749,50.542084,0.016000,-3.498749,50.542084
1530,5831,0.000000,56.375000,-3.625000,-3.222656,56.067710,32185,9494,diva_id__9026,-3.301250,56.353748,-0.030000,-3.301250,56.353748
1532,11245,0.000000,36.875000,-3.625000,-3.632812,36.718750,5896,1027,diva_id__556,-3.697083,36.731247,-0.028000,-3.697083,36.731247
1544,8073,2233.000000,47.875000,-3.125000,-3.369141,47.682290,7787,596,diva_id__125,-3.351250,47.751251,0.014000,-3.351250,47.751251
1547,6371,0.000000,54.375000,-2.875000,-2.871094,54.088540,17791,9427,diva_id__8959,-2.799583,54.242916,-0.047000,-2.799583,54.242916
1564,11183,0.000000,37.125000,-2.125000,-1.816406,37.135420,2417,12909,diva_idp_med_293,-1.827084,37.155418,-0.123000,-1.827084,37.155418
1565,11247,0.000000,36.875000,-2.125000,-1.933594,37.031250,4941,12750,diva_idp_med_134,-1.878750,37.023750,-0.123000,-1.878750,37.023750
1568,11123,0.000000,37.375000,-1.875000,-1.816406,37.213540,1331,1035,diva_id__564,-1.812082,37.202084,-0.123000,-1.812082,37.202084
1574,11064,0.000000,37.625000,-1.625000,-1.347656,37.552080,3308,1043,diva_id__572,-1.375416,37.532082,-0.082000,-1.375416,37.532082
1578,7326,2191.000000,51.125000,-1.375000,-1.347656,50.755210,16441,9629,diva_id__9161,-1.383749,50.901249,0.039000,-1.383749,50.901249
1584,11714,0.000000,35.125000,-1.375000,-1.230469,35.364580,5218,14356,diva_idp_med_1740,-1.287083,35.356247,0.076000,-1.287083,35.356247
1589,9229,0.000000,44.125000,-1.125000,-1.318359,44.036460,5832,661,diva_id__190,-1.323750,44.088749,0.004000,-1.323750,44.088749
1598,6692,0.000000,53.375000,-0.375000,-0.175781,53.880210,32397,2147,diva_id__1676,-0.530416,53.677917,-0.003000,-0.530416,53.677917
1601,8816,0.000000,45.375000,-0.375000,-0.673828,45.234380,1551,649,diva_id__178,-0.687916,45.224583,0.014000,-0.687916,45.224583
1614,7687,0.000000,49.625000,0.375000,0.410156,49.765630,32280,499,diva_id__28,0.468750,49.477917,0.050000,0.468750,49.477917
1626,7516,0.000000,50.375000,1.875000,1.582031,50.286460,8558,4580,diva_id__4112,1.631250,50.216248,0.054000,1.631250,50.216248
1634,9627,0.000000,42.875000,2.875000,3.134766,43.046880,4128,13806,diva_idp_med_1190,3.092916,43.067917,-0.157000,3.092916,43.067917
1635,9764,0.000000,42.375000,2.875000,3.076172,42.630210,3627,1174,diva_id__703,3.037918,42.613750,-0.134000,3.037918,42.613750
1638,9460,0.000000,43.375000,3.125000,3.369141,43.255210,5291,1189,diva_id__718,3.410418,43.292084,-0.155000,3.410418,43.292084
1651,11354,0.000000,36.625000,4.875000,5.214843,36.692710,4480,14466,diva_idp_med_1850,5.207085,36.652916,0.073000,5.207085,36.652916
1656,4625,2056.000000,61.125000,5.375000,4.980469,61.171880,25834,2172,diva_id__1701,5.341250,61.326248,-0.085000,5.341250,61.326248
1662,4682,6190.000000,60.875000,6.125000,5.214844,60.755210,31276,9661,diva_id__9193,5.787084,60.726250,-0.096000,5.787084,60.726250
1668,18514,5235.000000,4.625000,6.375000,6.005859,4.322917,35042,16499,deltas_305,6.247917,4.525415,0.407000,6.247917,4.525415
1674,18483,3701.000000,4.875000,6.875000,7.060547,4.348959,46972,708,diva_id__237,7.062917,4.771250,0.428000,7.062917,4.771250
1677,9291,0.000000,43.875000,7.125000,7.119141,43.619790,2874,1240,diva_id__769,7.142083,43.639584,-0.179000,7.142083,43.639584
1692,4409,2039.000000,62.375000,8.375000,8.496094,63.255210,64981,9710,diva_id__9242,8.532917,62.671249,-0.105000,8.532917,62.671249
1704,4313,0.000000,62.875000,8.875000,8.496094,63.255210,41568,9710,diva_id__9242,8.542084,62.882080,-0.105000,8.542084,62.882080
1716,5067,2084.000000,59.375000,9.625000,9.960938,58.984380,8201,4229,diva_id__3761,10.021250,59.051250,0.047000,10.021250,59.051250
1741,18967,0.000000,0.125000,10.125000,9.462891,0.234376,41618,2753,diva_id__2282,9.822083,0.129581,0.394000,9.822083,0.129581
1746,11533,0.000000,35.875000,10.375000,10.693360,35.807290,11196,2091,diva_id__1620,10.602917,35.876251,-0.002000,10.602917,35.876251
1767,9166,0.000000,44.375000,11.875000,12.275390,44.505210,2557,13474,diva_idp_med_858,12.280416,44.527916,-0.108000,12.280416,44.527916
1775,4032,0.000000,64.125000,12.125000,11.110270,64.627990,71401,4167,diva_id__3699,11.478750,64.006248,-0.102000,11.478750,64.006248
1778,8643,0.000000,45.875000,12.125000,12.509770,45.546880,2225,13382,diva_idp_med_766,12.481251,45.547916,-0.059000,12.481251,45.547916
1779,8730,0.000000,45.625000,12.125000,12.392580,45.494790,4335,13354,diva_idp_med_738,12.408751,45.532082,-0.086000,12.408751,45.532082
1781,9297,0.000000,43.875000,12.125000,12.333980,44.296880,2516,1375,diva_id__904,12.342083,44.318748,-0.116000,12.342083,44.318748
1782,9838,0.000000,42.125000,12.125000,11.748050,42.161460,2370,13127,diva_idp_med_511,11.732917,42.179581,-0.153000,11.732917,42.179581
1787,20977,0.000000,-15.875000,12.125000,11.748050,-15.859370,18265,2794,diva_id__2323,11.806250,-16.013752,0.227000,11.806250,-16.013752
1788,5557,0.000000,57.625000,12.375000,11.894530,57.630210,1008,4249,diva_id__3781,11.910417,57.627083,0.081000,11.910417,57.627083
1813,12327,2421.000000,32.625000,12.875000,12.949220,32.838540,6351,2069,diva_id__1598,12.891251,32.808750,0.064000,12.891251,32.808750
1814,20042,0.000000,-6.625000,12.875000,12.802730,-6.953125,32673,2775,diva_id__2304,12.617917,-6.723751,0.309000,12.617917,-6.723751
1821,5745,2115.000000,56.875000,13.125000,12.597660,56.380210,33619,4253,diva_id__3785,12.900417,56.632084,0.260000,12.900417,56.632084
1824,9474,0.000000,43.375000,13.125000,13.681640,43.411460,1646,13171,diva_idp_med_555,13.668750,43.422916,-0.116000,13.668750,43.422916
1831,3537,2002.000000,66.125000,13.375000,12.714840,66.015630,24269,9785,diva_id__9317,13.177084,65.905418,-0.115000,13.177084,65.905418
1832,8644,0.000000,45.875000,13.375000,13.212890,45.755210,2211,13410,diva_idp_med_794,13.241250,45.757084,-0.056000,13.241250,45.757084
1845,6537,0.000000,53.875000,13.625000,13.769530,53.984380,16186,4385,diva_id__3917,13.821250,53.842083,0.272000,13.821250,53.842083
1870,9839,0.000000,42.125000,14.375000,14.619140,42.213540,3222,13131,diva_idp_med_515,14.645417,42.192085,-0.132000,14.645417,42.192085
1876,3224,0.000000,67.125000,14.625000,14.121090,67.161460,14489,9826,diva_id__9358,14.442917,67.198746,-0.125000,14.442917,67.198746
1881,21571,0.000000,-22.125000,14.625000,14.443360,-22.421870,19098,2805,diva_id__2334,14.375417,-22.262085,0.183000,14.375417,-22.262085
1882,21597,0.000000,-22.375000,14.625000,14.443360,-22.421870,15722,2805,diva_id__2334,14.394584,-22.287918,0.183000,14.394584,-22.287918
1888,21572,0.000000,-22.125000,14.875000,14.443360,-22.421870,8171,2805,diva_id__2334,14.476251,-22.488750,0.183000,14.476251,-22.488750
1889,6621,0.000000,53.625000,15.125000,14.238280,53.932290,39659,4380,diva_id__3912,14.607917,53.650417,0.274000,14.607917,53.650417
1892,5840,0.000000,56.375000,15.375000,15.292970,56.171880,964,4265,diva_id__3797,15.305417,56.177082,0.280000,15.305417,56.177082
1911,10283,0.000000,40.625000,16.625000,16.933590,40.442710,7370,1337,diva_id__866,16.990417,40.492916,-0.152000,16.990417,40.492916
1918,4487,0.000000,61.875000,17.125000,17.167970,61.640630,8559,4306,diva_id__3838,17.137917,61.716248,0.323000,17.137917,61.716248
1954,10044,0.000000,41.375000,19.625000,19.541020,41.588540,1992,1428,diva_id__957,19.563751,41.582916,-0.187000,19.563751,41.582916
1955,10500,0.000000,39.875000,19.875000,19.980470,39.739580,1787,14577,diva_idp_med_1961,20.001251,39.741249,-0.105000,20.001251,39.741249
1956,4086,0.000000,63.875000,20.125000,21.035160,64.192710,50022,4308,diva_id__3840,20.497917,63.809586,0.343000,20.497917,63.809586
1964,3679,0.000000,65.625000,20.625000,22.089840,65.390630,38710,4309,diva_id__3841,21.264584,65.337914,0.369000,21.264584,65.337914
1965,3833,0.000000,64.875000,20.625000,21.035160,64.192710,72324,4308,diva_id__3840,21.043751,64.842918,0.343000,21.043751,64.842918
1966,3911,0.000000,64.625000,20.625000,21.035160,64.192710,53150,4308,diva_id__3840,21.131250,64.668747,0.343000,21.131250,64.668747
1968,3834,0.000000,64.875000,20.875000,21.035160,64.192710,67264,4308,diva_id__3840,21.083750,64.797081,0.343000,21.083750,64.797081
1971,10619,0.000000,39.375000,20.875000,20.771480,39.036460,4810,1453,diva_id__982,20.820417,39.057083,-0.071000,20.820417,39.057083
1983,6245,2138.000000,54.875000,21.375000,21.152340,54.973960,9294,4353,diva_id__3885,21.092083,54.897915,0.298000,21.092083,54.897915
1995,3541,0.000000,66.125000,22.375000,22.089840,65.390630,54198,4309,diva_id__3841,22.462917,65.852921,0.369000,22.462917,65.852921
2005,12387,0.000000,32.375000,22.625000,23.173830,32.369790,8095,15439,diva_idp_med_2823,23.087917,32.375416,0.047000,23.087917,32.375416
2008,4174,0.000000,63.625000,23.125000,22.792970,63.880210,24195,648,diva_id__177,22.770418,63.662918,0.354000,22.770418,63.662918
2009,4230,0.000000,63.375000,23.125000,22.324220,63.515630,12060,4320,diva_id__3852,22.512083,63.584583,0.347000,22.512083,63.584583
2012,12439,0.000000,32.125000,23.125000,23.173830,32.369790,8879,15439,diva_idp_med_2823,23.103750,32.316250,0.047000,23.103750,32.316250
2021,4093,0.000000,63.875000,23.875000,23.613280,64.088540,5882,4316,diva_id__3848,23.585417,64.037079,0.365000,23.585417,64.037079
2027,5399,0.000000,58.375000,24.125000,24.316410,57.838540,61001,1053,diva_id__582,24.454584,58.382084,0.325000,24.454584,58.382084
2030,3542,0.000000,66.125000,24.375000,24.433590,65.703130,8782,1047,diva_id__576,24.434584,65.782082,0.372000,24.434584,65.782082
2032,3988,0.000000,64.375000,24.375000,23.613280,64.088540,42917,4316,diva_id__3848,24.091251,64.413750,0.365000,24.091251,64.413750
2039,23193,0.000000,-33.875000,24.875000,25.048830,-33.984370,17235,16602,deltas_445,24.907084,-34.085419,0.193000,24.907084,-34.085419
2051,3750,0.000000,65.375000,25.625000,25.253910,65.234380,20202,4313,diva_id__3845,25.333750,65.412918,0.363000,25.333750,65.412918
2064,9711,0.000000,42.625000,27.125000,27.832030,42.135420,49707,1546,diva_id__1075,27.452084,42.482918,-0.077000,27.452084,42.482918
2069,10765,0.000000,38.875000,27.375000,27.041020,38.880210,6810,15189,diva_idp_med_2573,26.977083,38.844582,0.003000,26.977083,38.844582
2074,23032,2419.000000,-32.875000,27.625000,27.949220,-32.968750,1576,102,east_london,27.948751,-32.982918,0.444000,27.948751,-32.982918
2088,1775,0.000000,70.375000,28.875000,27.128910,70.598960,53393,4158,diva_id__3690,28.492918,70.445419,-0.169000,28.492918,70.445419
2090,9171,0.000000,44.375000,28.875000,28.916020,44.609380,1645,1559,diva_id__1088,28.933750,44.617081,-0.060000,28.933750,44.617081
2094,8648,0.000000,45.875000,29.375000,29.794920,45.651040,21016,1565,diva_id__1094,29.622917,45.505417,-0.060000,29.622917,45.505417
2095,8914,0.000000,45.125000,29.375000,29.736330,45.234380,9077,16366,deltas_056,29.680418,45.162918,-0.060000,29.680418,45.162918
2099,22770,2439.000000,-31.125000,29.625000,29.941410,-31.406250,20433,736,diva_id__265,30.047085,-31.246254,0.554000,30.047085,-31.246254
2100,22812,0.000000,-31.375000,29.625000,29.941410,-31.406250,33651,736,diva_id__265,29.637917,-31.562920,0.554000,29.637917,-31.562920
2109,4967,0.000000,59.875000,30.375000,29.941410,60.026040,19722,4332,diva_id__3864,30.207085,59.908749,0.386000,30.207085,59.908749
2112,12702,0.000000,31.125000,30.375000,29.853520,31.171880,2321,15434,diva_idp_med_2818,29.872084,31.185417,-0.036000,29.872084,31.185417
2119,22588,0.000000,-30.125000,30.625000,30.849610,-30.130210,2146,2842,diva_id__2371,30.853750,-30.111252,0.560000,30.853750,-30.111252
2126,12629,0.000000,31.375000,31.125000,31.318360,31.536460,28515,2012,diva_id__1541,31.017918,31.524584,-0.002000,31.017918,31.524584
2135,13030,0.000000,29.875000,32.125000,32.431640,29.531250,19253,2988,diva_id__2517,32.374584,29.697083,-0.038000,32.374584,29.697083
2136,13113,0.000000,29.625000,32.125000,32.431640,29.531250,17958,2988,diva_id__2517,32.365417,29.682083,-0.038000,32.365417,29.682083
2159,13033,0.000000,29.875000,32.875000,32.490230,29.921880,12053,2989,diva_id__2518,32.610416,29.892082,-0.038000,32.610416,29.892082
2167,8489,0.000000,46.375000,33.375000,33.251950,45.755210,46833,1613,diva_id__1142,33.071251,46.157082,-0.077000,33.071251,46.157082
2169,13264,0.000000,29.125000,33.375000,32.841800,28.671880,45831,2985,diva_id__2514,33.173752,28.963749,0.361000,33.173752,28.963749
2176,3291,1992.000000,66.875000,33.875000,33.691410,66.432290,43790,4146,diva_id__3678,34.173752,66.776253,-0.002000,34.173752,66.776253
2177,3543,2831.000000,66.125000,33.875000,33.691410,66.432290,71086,4146,diva_id__3678,34.647083,65.922913,-0.002000,34.647083,65.922913
2183,13583,0.000000,28.125000,34.125000,33.896480,27.942710,54388,2990,diva_id__2519,34.427917,28.080418,0.356000,34.427917,28.080418
2185,21867,0.000000,-24.875000,34.125000,33.837890,-25.078120,59254,2851,diva_id__2380,34.387917,-24.890419,0.697000,34.387917,-24.890419
2206,12559,0.000000,31.625000,35.125000,34.716800,31.953130,1581,1964,diva_id__1493,34.706253,31.942083,-0.010000,34.706253,31.942083
2208,21307,0.000000,-19.375000,35.125000,35.302730,-19.557290,8016,741,diva_id__270,35.352917,-19.502918,0.757000,35.352917,-19.502918
2212,12274,0.000000,32.875000,35.375000,35.068360,32.890630,2746,1947,diva_id__1476,35.082916,32.912083,-0.032000,35.082916,32.912083
2213,13507,0.000000,28.375000,35.375000,35.185550,27.994790,8344,2994,diva_id__2523,35.152084,28.063749,0.371000,35.152084,28.063749
2215,15065,0.000000,23.375000,35.375000,36.005860,22.734380,69815,16441,deltas_220,35.567917,23.215416,0.448000,35.567917,23.215416
2234,11863,2401.000000,34.625000,36.125000,36.005860,34.557290,3766,1920,diva_id__1449,35.985420,34.527916,-0.135000,35.985420,34.527916
2238,10123,0.000000,41.125000,36.375000,36.386720,41.223960,13561,1793,diva_id__1322,36.537086,41.269585,-0.076000,36.537086,41.269585
2246,14222,0.000000,26.125000,36.875000,36.650390,25.963540,10369,16431,deltas_197,36.661251,26.056250,0.400000,36.661251,26.056250
2251,16265,0.000000,19.125000,37.125000,37.412110,18.828130,54353,2974,diva_id__2503,37.318752,19.308750,0.588000,37.318752,19.308750
2256,16397,0.000000,18.625000,37.375000,37.412110,18.828130,18052,2974,diva_id__2503,37.538750,18.718750,0.588000,37.538750,18.718750
2281,10208,0.000000,40.875000,38.875000,38.847660,40.989580,13517,1784,diva_id__1313,38.995419,41.037918,-0.076000,38.995419,41.037918
2287,19841,0.000000,-5.125000,38.875000,39.111330,-5.130208,10305,2908,diva_id__2437,39.072918,-5.214584,0.676000,39.072918,-5.214584
2307,19751,0.000000,-4.375000,39.375000,39.462890,-4.505208,21765,2911,diva_id__2440,39.297916,-4.611252,0.679000,39.297916,-4.611252
2317,19693,0.000000,-3.875000,39.625000,39.697270,-4.036458,2330,2910,diva_id__2439,39.677917,-4.044586,0.700000,39.677917,-4.044586
2328,10305,2323.000000,40.625000,40.125000,39.755860,41.015630,43667,1782,diva_id__1311,40.267086,40.943748,-0.076000,40.267086,40.943748
2329,19430,0.000000,-2.625000,40.125000,40.283200,-2.630208,8362,2914,diva_id__2443,40.345417,-2.587917,0.704000,40.345417,-2.587917
2332,20789,0.000000,-14.125000,40.125000,40.634770,-14.088540,12592,2881,diva_id__2410,40.538750,-14.152916,0.815000,40.538750,-14.152916
2333,20913,2576.000000,-15.375000,40.125000,40.576170,-15.130210,10093,2875,diva_id__2404,40.502918,-15.187084,0.834000,40.502918,-15.187084
2338,10306,0.000000,40.625000,40.375000,40.722660,41.197920,43005,1780,diva_id__1309,40.307919,40.970417,-0.076000,40.307919,40.970417
2347,20768,2584.000000,-13.875000,40.375000,40.517580,-13.515620,19393,16549,deltas_359,40.538750,-13.688751,0.817000,40.538750,-13.688751
2350,15931,0.000000,20.375000,40.625000,40.224610,20.182290,24340,3007,diva_id__2536,40.411251,20.051250,0.598000,40.411251,20.051250
2352,19329,2620.000000,-2.125000,40.625000,40.927730,-2.317707,19158,197,lamu,40.755417,-2.312916,0.710000,40.755417,-2.312916
2369,17106,0.000000,14.125000,41.125000,41.748050,13.932290,37164,2962,diva_id__2491,41.521252,14.183750,0.581000,41.521252,14.183750
2372,16145,0.000000,19.625000,41.375000,40.810550,19.713540,30882,772,diva_id__301,40.962086,19.475416,0.613000,40.962086,19.475416
2379,9715,0.000000,42.625000,41.875000,41.513670,42.578130,1927,1761,diva_id__1290,41.512085,42.595417,-0.076000,41.512085,42.595417
2384,16561,0.000000,18.125000,42.125000,41.923830,17.786460,8873,3011,diva_id__2540,41.972084,17.721251,0.644000,41.972084,17.721251
2393,16675,0.000000,17.375000,42.875000,42.509770,17.005210,3801,3012,diva_id__2541,42.502918,17.038750,0.637000,42.502918,17.038750
2413,3690,0.000000,65.625000,43.625000,44.003910,66.119790,18756,4135,diva_id__3667,44.087086,65.954582,-0.070000,44.087086,65.954582
2440,21419,0.000000,-20.625000,44.375000,44.267580,-20.286460,26826,10179,diva_id__9711,44.134583,-20.492916,0.923000,44.134583,-20.492916
2443,17804,2600.000000,10.125000,44.625000,44.560550,10.468750,10316,2947,diva_id__2476,44.579586,10.377916,0.596000,44.579586,10.377916
2444,21329,0.000000,-19.625000,44.625000,44.443360,-19.713540,19032,16569,deltas_388,44.472084,-19.544586,0.938000,44.472084,-19.544586
2455,17216,2586.000000,13.375000,45.875000,45.849610,13.359380,11937,3032,diva_id__2561,45.739586,13.367083,0.571000,45.739586,13.367083
2465,21011,0.000000,-16.125000,46.625000,46.318360,-15.755210,23336,10173,diva_id__9705,46.457085,-15.917084,0.986000,46.457085,-15.917084
2466,21910,0.000000,-25.125000,46.625000,46.464840,-25.156250,3376,2290,diva_id__1819,46.497086,-25.164585,0.783000,46.497086,-25.164585
2469,21779,2509.000000,-24.125000,47.125000,47.607420,-23.828120,44193,10199,diva_id__9731,47.392918,-24.173752,0.905000,47.392918,-24.173752
2470,20918,0.000000,-15.375000,47.375000,47.197270,-15.442710,1593,16553,deltas_363,47.212086,-15.443752,0.977000,47.212086,-15.443752
2478,13279,0.000000,29.125000,47.875000,47.900390,29.348960,7360,3104,diva_id__2633,47.828751,29.327084,0.497000,47.828751,29.327084
2497,21347,0.000000,-19.875000,48.625000,48.896480,-19.609370,16224,10214,diva_id__9746,48.836250,-19.743752,0.993000,48.836250,-19.743752
2509,20692,0.000000,-12.625000,49.125000,48.779300,-13.255210,52202,10195,diva_id__9727,48.940418,-12.812920,0.921000,48.940418,-12.812920
2510,20712,0.000000,-12.875000,49.125000,48.779300,-13.255210,44594,10195,diva_id__9727,48.946251,-12.888752,0.921000,48.946251,-12.888752
2513,12822,0.000000,30.625000,49.375000,49.072270,30.390630,15325,3108,diva_id__2637,49.207085,30.464584,0.619000,49.207085,30.464584
2515,17594,2596.000000,11.125000,49.375000,49.160160,11.302080,2132,2938,diva_id__2467,49.160419,11.282917,0.527000,49.160419,11.282917
2538,20758,2586.000000,-13.625000,49.875000,49.980470,-13.281250,18942,10198,diva_id__9730,50.012085,-13.448750,0.946000,50.012085,-13.448750
2557,13130,0.000000,29.625000,50.875000,50.537110,29.557290,31139,3109,diva_id__2638,50.667084,29.301250,0.505000,50.667084,29.301250
2564,17468,2593.000000,11.875000,51.125000,50.566410,11.953130,30820,2935,diva_id__2464,50.849583,11.947916,0.561000,50.849583,11.947916
2568,16962,0.000000,15.625000,51.625000,51.503910,15.260420,24439,3045,diva_id__2574,51.668751,15.412083,0.565000,51.668751,15.412083
2570,1134,3879.000000,71.875000,51.875000,51.679690,71.484380,66406,10051,diva_id__9583,52.302086,72.048752,-0.176000,52.302086,72.048752
2577,14928,2511.000000,23.875000,52.375000,52.177730,23.984380,3563,3088,diva_id__2617,52.203751,23.962917,0.520000,52.203751,23.962917
2584,1235,1944.000000,71.625000,52.875000,52.675780,71.223960,41649,10056,diva_id__9588,52.616253,71.597916,-0.166000,52.616253,71.597916
2589,14931,0.000000,23.875000,53.875000,53.818360,24.244790,21719,652,diva_id__181,53.965416,24.102917,0.505000,53.965416,24.102917
2593,14030,0.000000,26.875000,54.375000,54.638670,26.536460,36951,3116,diva_id__2645,54.322086,26.710417,0.511000,54.322086,26.710417
2598,14099,0.000000,26.625000,54.625000,54.638670,26.536460,31992,3116,diva_id__2645,54.352085,26.667084,0.511000,54.352085,26.667084
2602,2931,7913.000000,68.125000,55.125000,54.316410,68.463540,45134,4128,diva_id__3660,54.844585,68.107918,-0.074000,54.844585,68.107918
2606,2932,1977.000000,68.125000,55.375000,54.316410,68.463540,36485,4128,diva_id__3660,54.922916,68.223747,-0.074000,54.922916,68.223747
2610,14442,0.000000,25.375000,55.625000,55.341800,25.338540,9820,3082,diva_id__2611,55.287083,25.265415,0.514000,55.287083,25.265415
2613,16491,0.000000,18.375000,56.125000,56.425780,18.072920,41197,781,diva_id__310,56.607918,18.400415,0.600000,56.607918,18.400415
2614,13886,2481.000000,27.375000,56.375000,56.396480,27.161460,18790,3117,diva_id__2646,56.586250,27.167084,0.575000,56.586250,27.167084
2618,13887,0.000000,27.375000,56.625000,56.396480,27.161460,13053,3117,diva_id__2646,56.527920,27.171249,0.575000,56.527920,27.171249
2621,14933,0.000000,23.875000,56.625000,57.333980,23.880210,52594,3069,diva_id__2598,56.907917,24.148750,0.542000,56.907917,24.148750
2630,15007,0.000000,23.625000,57.125000,57.333980,23.880210,6353,3069,diva_id__2598,57.274586,23.897917,0.542000,57.274586,23.897917
2631,14241,0.000000,26.125000,57.375000,57.158200,26.119790,16280,3120,diva_id__2649,57.128750,26.263750,0.558000,57.128750,26.263750
2634,15074,0.000000,23.375000,57.625000,57.919920,23.723960,21079,3068,diva_id__2597,57.718750,23.768749,0.563000,57.718750,23.768749
2656,14456,0.000000,25.375000,64.375000,63.486330,25.234380,69643,3131,diva_id__2660,64.142082,25.436249,0.623000,64.142082,25.436249
2678,1065,0.000000,72.125000,68.875000,68.320310,71.744790,35044,4120,diva_id__3652,68.632080,72.044586,-0.102000,68.632080,72.044586
2679,15014,0.000000,23.625000,68.875000,68.466800,23.723960,24355,3152,diva_id__2681,68.682915,23.817917,0.707000,68.682915,23.817917
2681,2853,1976.000000,68.375000,69.125000,68.613280,68.515630,23579,4109,diva_id__3641,68.631248,68.303749,-0.039000,68.631248,68.303749
2689,15240,0.000000,22.875000,70.625000,70.458980,23.046880,5632,16439,deltas_216,70.502083,23.015415,0.842000,70.502083,23.015415
2692,879,1933.000000,72.625000,71.875000,72.539060,72.786460,18999,4118,diva_id__3650,71.962082,72.792084,0.004000,71.962082,72.792084
2709,2751,2789.000000,68.625000,72.875000,73.417970,68.255210,44714,4112,diva_id__3644,73.243752,68.652084,0.036000,73.243752,68.652084
2719,15881,0.000000,20.625000,73.125000,72.744140,20.755210,20420,3183,diva_id__2712,72.892082,20.634583,0.679000,72.892082,20.634583
2725,16929,0.000000,15.875000,74.125000,73.681640,15.651040,7971,3199,diva_id__2728,73.752914,15.630417,0.729000,73.752914,15.630417
2735,1243,0.000000,71.625000,75.125000,75.585940,71.380210,15033,4091,diva_id__3623,75.472084,71.510414,0.041000,75.472084,71.510414
2736,2626,0.000000,68.875000,75.125000,75.292970,68.984380,13459,4096,diva_id__3628,75.552086,68.907082,0.121000,75.552086,68.907082
2737,17269,0.000000,13.125000,75.125000,74.853520,12.786460,7717,3210,diva_id__2739,74.830414,12.852081,0.748000,74.830414,12.852081
2750,17808,0.000000,10.125000,76.375000,76.259770,9.817709,14195,817,diva_id__346,76.387917,9.836250,0.802000,76.387917,9.836250
2759,3039,0.000000,67.875000,77.625000,77.402340,67.942710,13929,4099,diva_id__3631,77.462921,67.819580,0.035000,77.462921,67.819580
2762,17966,0.000000,9.125000,78.125000,78.427730,9.088542,6700,3254,diva_id__2783,78.367081,9.082081,0.789000,78.367081,9.082081
2764,1151,1941.000000,71.875000,78.375000,77.460940,72.005210,27331,4087,diva_id__3619,78.097084,71.858749,0.032000,78.097084,71.858749
2769,17809,0.000000,10.125000,78.625000,79.013670,9.661459,31397,3252,diva_id__2781,79.147079,9.911247,0.798000,79.147079,9.911247
2778,17551,0.000000,11.375000,79.625000,79.775390,11.692710,723,3260,diva_id__2789,79.768753,11.692917,0.908000,79.768753,11.692917
2781,17024,2577.000000,15.125000,79.875000,80.068360,15.026040,2157,3280,diva_id__2809,80.049583,15.032917,0.880000,80.049583,15.032917
2798,17303,0.000000,12.875000,80.125000,80.302730,13.046880,5022,3269,diva_id__2798,80.271248,13.013748,0.902000,80.271248,13.013748
2802,18147,0.000000,7.875000,80.125000,79.775390,7.473959,24582,10658,diva_id__10190,79.798752,7.693748,0.795000,79.798752,7.693748
2812,18296,2614.000000,6.375000,81.125000,81.416020,6.276042,28173,10672,diva_id__10204,81.178749,6.183750,0.821000,81.178749,6.183750
2834,16211,0.000000,19.375000,84.875000,84.814450,19.192710,5289,3313,diva_id__2842,84.803749,19.146248,0.905000,84.803749,19.146248
2847,15331,7576.000000,22.625000,87.875000,88.037110,21.744790,60281,840,diva_id__369,88.077919,22.285416,0.996000,88.077919,22.285416
2851,15078,0.000000,23.375000,90.625000,90.556640,23.098960,2476,3359,diva_id__2888,90.532913,23.094582,0.992000,90.532913,23.094582
2875,18575,0.000000,4.125000,96.375000,96.123050,4.140626,15901,10812,diva_id__10344,96.238747,4.056250,0.883000,96.238747,4.056250
2877,16793,0.000000,16.625000,96.625000,96.474610,16.484380,41138,3407,diva_id__2936,96.271255,16.798748,0.975000,96.271255,16.798748
2897,18638,2619.000000,3.375000,99.125000,99.580080,3.255209,33417,10816,diva_id__10348,99.327087,3.417915,0.945000,99.327087,3.417915
2903,17974,0.000000,9.125000,99.625000,99.345700,9.192709,3035,3546,diva_id__3075,99.372086,9.184582,1.144000,99.372086,9.184582
2907,17273,2586.000000,13.125000,99.875000,99.990230,13.307290,7017,3557,diva_id__3086,99.939583,13.267916,1.153000,99.939583,13.267916
2910,18097,0.000000,8.375000,99.875000,100.048800,8.463542,13129,884,diva_id__413,100.140419,8.387917,1.175000,100.140419,8.387917
2911,18201,0.000000,7.375000,99.875000,99.345700,7.317709,27657,3437,diva_id__2966,99.593750,7.353750,0.961000,99.593750,7.353750
2914,74,0.000000,76.375000,100.125000,99.492190,76.484380,35248,4056,diva_id__3588,99.719589,76.172081,-0.154000,99.719589,76.172081
2917,18220,2611.000000,7.125000,100.125000,100.400400,7.213542,4932,3528,diva_id__3057,100.416252,7.172083,1.164000,100.416252,7.172083
2934,17345,0.000000,12.625000,101.375000,101.396500,12.630210,12095,3567,diva_id__3096,101.507919,12.632082,1.177000,101.507919,12.632082
2936,18641,0.000000,3.375000,101.375000,101.220700,3.307292,11580,3462,diva_id__2991,101.167915,3.397083,0.958000,101.167915,3.397083
2939,19384,0.000000,-2.375000,101.375000,100.869100,-2.213541,39929,10824,diva_id__10356,101.059586,-2.517918,0.821000,101.059586,-2.517918
2940,19434,0.000000,-2.625000,101.375000,101.396500,-2.942708,47965,10825,diva_id__10357,101.125420,-2.607082,0.809000,101.125420,-2.607082
2951,19605,0.000000,-3.375000,102.125000,101.923800,-3.463541,6889,10826,diva_id__10358,101.975418,-3.497917,0.814000,101.975418,-3.497917
2960,19062,0.000000,-0.625000,103.125000,103.681600,-0.130208,54174,10903,diva_id__10435,103.391251,-0.521252,1.112000,103.391251,-0.521252
2967,18691,3705.000000,2.625000,103.375000,103.798800,2.578126,22592,3493,diva_id__3022,103.612915,2.660416,1.143000,103.612915,2.660416
2968,18929,3707.000000,0.375000,103.375000,103.740200,-0.026041,39149,10828,diva_id__10360,103.598747,0.296249,1.112000,103.598747,0.296249
2994,19552,0.000000,-3.125000,105.625000,106.318400,-2.942708,59630,2444,diva_id__1973,105.952919,-3.335419,1.079000,105.952919,-3.335419
2995,76,0.000000,76.375000,105.875000,106.757800,77.057290,58486,4050,diva_id__3582,106.507919,76.534584,-0.124000,106.507919,76.534584
3008,19960,0.000000,-5.875000,106.125000,106.259800,-5.963541,9585,10947,diva_id__10479,106.191254,-6.016251,0.979000,106.191254,-6.016251
3010,15885,0.000000,20.625000,106.375000,106.611300,20.494790,4340,3702,diva_id__3231,106.573746,20.477917,1.124000,106.573746,20.477917
3011,16003,0.000000,20.125000,106.375000,106.142600,19.973960,6659,3700,diva_id__3229,106.196251,20.006248,1.133000,106.196251,20.006248
3023,16724,5735.000000,17.125000,106.875000,107.138700,17.005210,4309,3681,diva_id__3210,107.098755,16.998749,1.091000,107.098755,16.998749
3030,16836,0.000000,16.375000,107.375000,107.607400,16.588540,5989,3675,diva_id__3204,107.552917,16.575417,1.072000,107.552917,16.575417
3031,17701,0.000000,10.625000,107.375000,107.314500,10.390630,7393,3626,diva_id__3155,107.332916,10.454582,1.092000,107.332916,10.454582
3034,20023,0.000000,-6.375000,107.625000,107.900400,-6.223958,49333,672,diva_id__201,107.462921,-6.137085,0.993000,107.462921,-6.137085
3035,17649,2598.000000,10.875000,107.875000,108.193400,10.911460,10314,903,diva_id__432,108.099586,10.922083,1.091000,108.099586,10.922083
3046,20069,0.000000,-6.875000,108.625000,108.779300,-6.796874,3599,10956,diva_id__10488,108.802917,-6.774586,0.984000,108.802917,-6.774586
3050,17046,2576.000000,14.875000,108.875000,108.896500,15.078130,1191,3660,diva_id__3189,108.897919,15.088749,1.006000,108.897919,15.088749
3058,17184,0.000000,13.625000,109.125000,109.248000,13.880210,7845,3652,diva_id__3181,109.226250,13.812916,1.021000,109.226250,13.812916
3060,17349,0.000000,12.625000,109.125000,109.248000,12.317710,16690,3642,diva_id__3171,109.168747,12.446249,1.012000,109.168747,12.446249
3063,18839,0.000000,1.125000,109.125000,109.013700,1.328126,24711,11007,diva_id__10539,108.937088,1.119583,1.107000,108.937088,1.119583
3068,20098,0.000000,-7.125000,109.125000,109.013700,-6.796874,15445,10958,diva_id__10490,109.143753,-6.847919,0.982000,109.143753,-6.847919
3073,19067,2621.000000,-0.625000,109.625000,109.365200,-0.598958,4120,11015,diva_id__10547,109.396248,-0.578751,1.086000,109.396248,-0.578751
3086,16277,0.000000,19.125000,110.375000,110.595700,19.140630,3081,10914,diva_id__10446,110.567085,19.134583,1.036000,110.567085,19.134583
3090,52,0.000000,76.625000,110.625000,111.914100,76.640630,28198,992,diva_id__521,110.898750,76.738747,-0.103000,110.898750,76.738747
3110,170,1908.000000,75.625000,111.875000,113.085900,76.380210,67112,10887,diva_id__10419,112.467918,75.795418,0.153000,112.467918,75.795418
3115,20122,0.000000,-7.375000,112.375000,112.705100,-7.213541,6239,420,surabaya,112.649582,-7.202919,0.965000,112.649582,-7.202919
3117,591,0.000000,73.375000,112.625000,113.320300,73.567710,13301,4045,diva_id__3574,113.212921,73.452080,0.183000,113.212921,73.452080
3122,19612,2619.000000,-3.375000,112.875000,112.412100,-3.359374,31742,11044,diva_id__10576,112.697922,-3.354584,1.014000,112.697922,-3.354584
3124,20186,0.000000,-7.875000,112.875000,112.822300,-7.578124,7837,2454,diva_id__1983,112.884583,-7.612083,0.916000,112.884583,-7.612083
3128,20187,0.000000,-7.875000,113.125000,112.998000,-7.630208,4063,10989,diva_id__10521,112.961250,-7.632919,0.916000,112.961250,-7.632919
3137,19507,2619.000000,-2.875000,113.625000,113.525400,-3.359374,21890,11046,diva_id__10578,113.537086,-3.162918,1.019000,113.537086,-3.162918
3139,20221,0.000000,-8.125000,113.625000,113.349600,-8.359374,14288,10986,diva_id__10518,113.477081,-8.383751,0.780000,113.477081,-8.383751
3144,20190,2609.000000,-7.875000,113.875000,113.408200,-7.734374,39832,10991,diva_id__10523,113.769585,-7.737083,0.885000,113.769585,-7.737083
3155,21631,2523.000000,-22.625000,114.375000,114.345700,-22.369790,13689,11510,diva_id__11042,114.372086,-22.490417,0.909000,114.372086,-22.490417
3170,18532,2617.000000,4.625000,115.125000,115.107400,4.973959,20912,11030,diva_id__10562,115.062920,4.791248,1.093000,115.062920,4.791248
3181,18462,0.000000,5.125000,115.625000,115.517600,5.078126,8886,11038,diva_id__10570,115.467918,5.015415,1.092000,115.467918,5.015415
3182,18500,0.000000,4.875000,115.625000,115.341800,4.921876,9975,11036,diva_id__10568,115.424583,4.957083,1.093000,115.424583,4.957083
3184,21530,2533.000000,-21.625000,115.625000,115.693400,-21.276040,16367,11511,diva_id__11043,115.592918,-21.389584,0.935000,115.592918,-21.389584
3189,15252,0.000000,22.875000,115.875000,116.044900,22.838540,4265,3757,diva_id__3286,116.076248,22.863750,1.030000,116.076248,22.863750
3191,21557,3581.000000,-21.875000,115.875000,115.693400,-21.276040,22671,11511,diva_id__11043,115.560417,-21.437916,0.935000,115.560417,-21.437916
3200,15016,0.000000,23.625000,116.625000,116.865200,23.463540,10211,3761,diva_id__3290,116.883751,23.553749,1.025000,116.883751,23.553749
3210,14867,0.000000,24.125000,117.125000,117.158200,23.619790,10523,3763,diva_id__3292,117.227921,23.689583,1.023000,117.227921,23.689583
3214,23371,7190.000000,-34.875000,117.125000,117.861300,-35.130210,48283,2564,diva_id__2093,117.367081,-34.972916,0.595000,117.367081,-34.972916
3220,14770,0.000000,24.375000,117.625000,118.037100,24.401040,13785,3767,diva_id__3296,117.901253,24.393749,1.009000,117.901253,24.393749
3223,18534,0.000000,4.625000,117.625000,117.744100,4.244792,13082,11253,diva_id__10785,117.735413,4.362083,1.015000,117.735413,4.362083
3233,595,0.000000,73.375000,118.125000,120.117200,73.203130,57573,10999,diva_id__10531,118.412918,73.369583,0.159000,118.412918,73.369583
3242,18401,0.000000,5.625000,118.375000,118.681600,5.598959,16266,11051,diva_id__10583,118.558746,5.518749,1.048000,118.558746,5.518749
3246,11097,0.000000,37.625000,118.625000,119.209000,37.786460,29370,16390,deltas_105,118.967087,37.604584,0.556000,118.967087,37.604584
3251,11813,2398.000000,34.875000,118.875000,119.209000,34.921880,8942,947,diva_id__476,119.182083,34.844582,0.593000,119.182083,34.844582
3255,11754,2397.000000,35.125000,119.125000,119.209000,34.921880,1572,947,diva_id__476,119.192085,34.924583,0.593000,119.192085,34.924583
3268,19344,0.000000,-2.125000,119.375000,119.355500,-1.927083,38020,4600,diva_id__4132,119.147919,-2.198750,0.931000,119.147919,-2.198750
3273,11951,0.000000,34.375000,119.625000,119.794900,34.453130,8213,16396,deltas_122,119.743752,34.513748,0.608000,119.743752,34.513748
3284,21375,2543.000000,-20.125000,119.875000,119.209000,-19.973960,53558,11515,diva_id__11047,119.718750,-20.022917,0.975000,119.718750,-20.022917
3299,17048,0.000000,14.875000,120.375000,120.673800,14.765630,10473,11182,diva_id__10714,120.589584,14.812916,1.084000,120.589584,14.812916
3305,12831,0.000000,30.625000,120.625000,120.673800,30.390630,3999,16412,deltas_156,120.636253,30.406250,0.689000,120.636253,30.406250
3318,12974,2450.000000,30.125000,121.125000,121.025400,30.234380,15629,3812,diva_id__3341,120.885422,30.162916,0.693000,120.885422,30.162916
3320,19398,2620.000000,-2.375000,121.125000,121.025400,-2.682291,3014,4622,diva_id__4154,121.032913,-2.656250,0.964000,121.032913,-2.656250
3331,803,1931.000000,72.875000,121.625000,121.523400,72.994790,7797,4042,diva_id__3571,121.345413,72.947914,0.178000,121.345413,72.947914
3339,16574,0.000000,18.125000,121.625000,121.582000,18.411460,5947,11187,diva_id__10719,121.612083,18.366249,1.058000,121.612083,18.366249
3343,21299,0.000000,-19.125000,121.625000,121.728500,-18.567710,45142,11516,diva_id__11048,121.576248,-18.947083,0.988000,121.576248,-18.947083
3345,11219,2373.000000,37.125000,121.875000,121.962900,36.953130,9609,519,diva_id__48,121.863754,36.918747,0.559000,121.863754,36.918747
3350,21281,2552.000000,-18.875000,121.875000,121.728500,-18.567710,29483,11516,diva_id__11048,121.652916,-18.822918,0.988000,121.652916,-18.822918
3372,18156,0.000000,7.875000,123.375000,123.580200,7.851705,519,11441,diva_id__10973,123.579590,7.847082,0.911000,123.579590,7.847082
3382,21178,5731.000000,-17.625000,123.875000,123.603500,-17.161460,35003,11522,diva_id__11054,123.917084,-17.257917,1.028000,123.917084,-17.257917
3405,602,1928.000000,73.375000,125.875000,126.679700,73.671880,34646,2486,diva_id__2015,126.333748,73.376251,0.164000,126.333748,73.376251
3406,18182,0.000000,7.625000,125.875000,125.830100,7.369792,1483,11460,diva_id__10992,125.842087,7.363749,0.792000,125.842087,7.363749
3411,20349,2607.000000,-8.625000,126.375000,125.906100,-8.489583,35522,2636,diva_id__2165,126.228752,-8.502083,0.871000,126.228752,-8.502083
3412,20817,0.000000,-14.375000,126.375000,126.064500,-13.932290,65191,11544,diva_id__11076,126.586250,-14.227917,1.033000,126.586250,-14.227917
3414,11413,0.000000,36.625000,126.625000,126.709000,37.005210,26628,3910,diva_id__3439,126.858749,36.797916,0.589000,126.858749,36.797916
3421,11611,0.000000,35.625000,126.875000,126.650400,35.807290,12581,3914,diva_id__3443,126.782913,35.772083,0.567000,126.782913,35.772083
3424,11319,0.000000,36.875000,127.125000,126.709000,37.005210,22389,3910,diva_id__3439,126.852081,36.839584,0.589000,126.852081,36.839584
3432,20962,7724.000000,-15.625000,128.125000,128.291000,-15.234370,25516,16555,deltas_365,128.293747,-15.463751,1.028000,128.293747,-15.463751
3435,1160,0.000000,71.875000,128.375000,129.257800,71.692710,43781,4037,diva_id__3566,128.680420,72.042915,0.093000,128.680420,72.042915
3466,12234,2416.000000,33.125000,131.375000,131.630900,33.255210,1890,2616,diva_id__2145,131.622925,33.239582,0.952000,131.622925,33.239582
3483,9533,0.000000,43.375000,132.625000,132.334000,43.203130,11211,3936,diva_id__3465,132.342087,43.303749,0.413000,132.342087,43.303749
3487,9606,0.000000,43.125000,132.875000,132.744100,42.838540,7156,3941,diva_id__3470,132.782913,42.896248,0.392000,132.782913,42.896248
3508,19356,2620.000000,-2.125000,134.125000,134.121100,-2.317707,16359,12026,diva_id__11558,133.988754,-2.382084,1.034000,133.988754,-2.382084
3511,22987,0.000000,-32.375000,134.375000,133.974600,-32.526040,27755,11566,diva_id__11098,134.266251,-32.568748,0.516000,134.266251,-32.568748
3519,23078,0.000000,-33.125000,134.875000,134.794900,-33.411460,22390,11569,diva_id__11101,134.722076,-33.219582,0.505000,134.722076,-33.219582
3520,11827,0.000000,34.875000,135.125000,135.322300,34.713540,5120,11928,diva_id__11460,135.374588,34.697083,0.344000,135.374588,34.697083
3527,11828,0.000000,34.875000,135.375000,135.322300,34.713540,8114,11928,diva_id__11460,135.408752,34.697083,0.344000,135.408752,34.697083
3546,20963,2575.000000,-15.625000,135.875000,135.966800,-15.286460,19869,11595,diva_id__11127,136.132080,-15.367084,0.959000,136.132080,-15.367084
3549,19766,2617.000000,-4.375000,136.125000,136.084000,-4.609374,3123,12038,diva_id__11570,136.074585,-4.582916,0.955000,136.074585,-4.582916
3561,5962,2128.000000,55.875000,136.875000,137.168000,55.130210,66466,11962,diva_id__11494,136.721252,55.671249,0.267000,136.721252,55.671249
3568,11417,0.000000,36.625000,137.125000,137.021500,36.848960,8417,2640,diva_id__2169,137.078751,36.788750,0.533000,137.078751,36.788750
3572,21040,0.000000,-16.375000,137.375000,137.490200,-16.171870,8903,11600,diva_id__11132,137.411255,-16.146250,0.947000,137.411255,-16.146250
3583,11833,0.000000,34.875000,138.125000,138.134800,34.609380,22990,11943,diva_id__11475,137.895416,34.672081,0.513000,137.895416,34.672081
3587,21102,2566.000000,-16.875000,138.125000,138.486300,-16.744790,16349,2576,diva_id__2105,138.332916,-16.750416,0.920000,138.332916,-16.750416
3590,11685,0.000000,35.375000,138.375000,138.134800,34.609380,42871,11943,diva_id__11475,138.392914,34.931252,0.513000,138.392914,34.931252
3604,21133,0.000000,-17.125000,138.875000,139.189500,-17.213540,41998,11601,diva_id__11133,138.983749,-16.891251,0.892000,138.983749,-16.891251
3615,10982,2357.000000,38.125000,139.625000,139.394500,38.385420,17425,11923,diva_id__11455,139.452087,38.235416,0.646000,139.452087,38.235416
3624,10842,0.000000,38.625000,139.875000,139.628900,38.697920,21462,11925,diva_id__11457,139.784576,38.847916,0.643000,139.784576,38.847916
3628,7772,0.000000,49.375000,140.125000,140.449200,49.427080,16349,3943,diva_id__3472,140.372925,49.288750,0.373000,140.372925,49.288750
3639,21211,0.000000,-17.875000,140.125000,139.834000,-17.578120,13216,16566,deltas_376,139.937912,-17.643749,0.904000,139.937912,-17.643749
3640,5402,0.000000,58.375000,140.375000,140.683600,58.255210,2176,971,diva_id__500,140.707916,58.240417,0.260000,140.707916,58.240417
3650,10906,2357.000000,38.375000,140.625000,141.005900,38.255210,8761,11949,diva_id__11481,140.963745,38.183750,0.460000,140.963745,38.183750
3666,21136,0.000000,-17.125000,141.125000,141.181600,-16.692710,46547,16560,deltas_370,140.950409,-17.047916,0.925000,140.950409,-17.047916
3668,10412,0.000000,40.375000,141.375000,141.533200,40.546880,730,135,hachinohe,141.528748,40.541252,0.440000,141.528748,40.541252
3674,5161,0.000000,59.125000,141.625000,142.558600,59.244790,53695,3954,diva_id__3483,141.908752,58.896252,0.298000,141.908752,58.896252
3683,20845,0.000000,-14.625000,141.875000,141.591800,-15.234370,55650,16552,deltas_362,141.567917,-14.734583,0.939000,141.567917,-14.734583
3694,7020,4346.000000,52.375000,142.375000,143.261700,52.421880,18177,12119,diva_id__11651,143.118744,52.283749,0.235000,143.118744,52.283749
3701,6803,0.000000,53.125000,142.875000,142.441400,53.411460,3364,12108,diva_id__11640,142.491257,53.417084,0.315000,142.491257,53.417084
3718,9612,2300.000000,43.125000,143.625000,143.349600,42.109380,71760,12094,diva_id__11626,143.681244,42.706249,0.330000,143.681244,42.706249
3721,7706,0.000000,49.625000,143.875000,143.408200,49.296880,14023,12128,diva_id__11660,143.588745,49.342083,0.286000,143.588745,49.342083
3722,20132,2609.000000,-7.375000,143.875000,144.462900,-7.578124,49276,12075,diva_id__11607,144.037918,-7.715416,1.161000,144.037918,-7.715416
3727,23708,0.000000,-38.375000,144.125000,144.462900,-38.307290,7355,11618,diva_id__11150,144.378754,-38.303749,0.441000,144.378754,-38.303749
3731,20133,0.000000,-7.375000,144.375000,144.462900,-7.578124,14273,12075,diva_id__11607,144.347916,-7.637085,1.161000,144.347916,-7.637085
3745,23682,2357.000000,-38.125000,145.625000,145.400400,-38.307290,10994,12311,diva_id__11843,145.482086,-38.232086,0.449000,145.482086,-38.232086
3748,19931,0.000000,-5.625000,145.875000,145.839800,-5.182291,34588,226,madang,145.777924,-5.487083,0.982000,145.777924,-5.487083
3751,21213,0.000000,-17.875000,145.875000,146.044900,-18.151040,49554,11640,diva_id__11172,146.107910,-17.709583,1.076000,146.107910,-17.709583
3774,20316,0.000000,-8.375000,147.875000,148.154300,-8.203124,13079,12063,diva_id__11595,148.202911,-8.310417,0.986000,148.202911,-8.310417
3780,21382,0.000000,-20.125000,148.125000,147.744100,-19.817710,43305,11644,diva_id__11176,148.134583,-19.947083,1.069000,148.134583,-19.947083
3804,19942,0.000000,-5.625000,150.875000,151.259800,-5.859374,72388,12239,diva_id__11771,150.692078,-5.536251,0.982000,150.692078,-5.536251
3815,21927,2502.000000,-25.125000,152.375000,152.490200,-24.817710,12767,11648,diva_id__11180,152.479584,-24.932083,0.854000,152.479584,-24.932083
3816,5172,2084.000000,59.125000,152.625000,152.168000,59.192710,22848,3961,diva_id__3490,152.432922,59.038750,0.275000,152.432922,59.038750
3818,21961,2497.000000,-25.375000,152.625000,153.017600,-25.390620,13085,12332,diva_id__11864,152.892914,-25.424583,0.892000,152.892914,-25.424583
3820,22189,3507.000000,-27.125000,152.875000,153.134800,-27.265620,9215,11654,diva_id__11186,153.042923,-27.279583,0.919000,153.042923,-27.279583
3821,22718,0.000000,-30.625000,152.875000,153.105500,-30.911460,29893,11668,diva_id__11200,153.004578,-30.657084,0.749000,153.004578,-30.657084
3829,5103,0.000000,59.375000,153.625000,154.277300,59.609380,15341,3962,diva_id__3491,154.072083,59.518749,0.275000,154.072083,59.518749
3841,6569,0.000000,53.875000,156.125000,156.035200,53.567710,40822,3975,diva_id__3504,155.916260,53.927917,0.327000,155.916260,53.927917
3851,1470,3898.000000,71.125000,157.125000,157.089800,71.171880,28606,4009,diva_id__3538,157.752914,71.030418,0.094000,157.752914,71.030418
3853,5572,0.000000,57.625000,157.125000,157.441400,57.786460,40102,3971,diva_id__3500,156.997086,57.515419,0.285000,156.997086,57.515419
3871,4538,2050.000000,61.625000,160.625000,159.668000,61.692710,40560,973,diva_id__502,160.407089,61.795418,0.270000,160.407089,61.795418
3872,6267,0.000000,54.875000,160.625000,160.605500,54.505210,9561,3980,diva_id__3509,160.747925,54.528748,0.162000,160.747925,54.528748
3880,5690,0.000000,57.125000,162.375000,163.066400,57.838540,65449,3982,diva_id__3511,162.769592,57.272083,0.234000,162.769592,57.272083
3891,2226,3927.000000,69.625000,164.875000,166.464800,69.505210,52731,4003,diva_id__3532,165.118744,69.562080,0.057000,165.118744,69.562080
3910,24223,0.000000,-44.875000,170.875000,171.064500,-45.078120,34915,12533,diva_id__12065,171.172913,-44.773750,0.462000,171.172913,-44.773750
3918,24151,2284.000000,-43.875000,171.875000,171.533200,-44.192710,53594,12536,diva_id__12068,172.097916,-43.932919,0.457000,172.097916,-43.932919
3922,4584,0.000000,61.375000,172.375000,172.558600,61.119790,35002,3985,diva_id__3514,172.752075,61.420418,0.255000,172.752075,61.420418
3933,23983,0.000000,-41.625000,173.625000,173.730500,-41.015620,64161,12543,diva_id__12075,174.093750,-41.523750,0.555000,174.093750,-41.523750
3949,23855,0.000000,-40.125000,175.375000,175.224600,-40.234370,20511,12576,diva_id__12108,175.127930,-40.065418,0.536000,175.127930,-40.065418
3954,4368,0.000000,62.625000,176.625000,176.894500,62.526040,4495,3989,diva_id__3518,176.871246,62.487083,0.292000,176.871246,62.487083
3955,23687,0.000000,-38.125000,176.625000,176.660200,-37.838540,12721,2776,diva_id__2305,176.788757,-37.891251,0.606000,176.788757,-37.891251
3958,23792,2345.000000,-39.125000,176.875000,176.923800,-39.453120,34496,12607,diva_id__12139,177.083740,-39.168751,0.589000,177.083740,-39.168751
3965,23688,0.000000,-38.125000,177.375000,177.392600,-37.994790,12762,12601,diva_id__12133,177.247086,-37.991249,0.590000,177.247086,-37.991249
3974,21217,0.000000,-17.875000,178.375000,178.798800,-17.630210,30963,12556,diva_id__12088,178.588745,-17.823750,1.061000,178.588745,-17.823750
